hmi_RCSCT5_VALUE,hmi_RRCTP10_VALUE,hmi_MRSPT514_VALUE,hmi_MRSPT524_VALUE,hmi_MRSPT534_VALUE,hmi_MRSPT544_VALUE,hmi_RCSLT501_VALUE,hmi_RCSLT502_VALUE,hmi_RCSFT414_VALUE,hmi_RCSFT424_VALUE,hmi_RCSLT470_VALUE,hmi_RCSPT405_VALUE,hmi_RCSTT413A_VALUE,hmi_RCSTT413B_VALUE,hmi_RCSTT423B_VALUE,hmi_RCSTT423C_VALUE,hmi_RCSTT433B_VALUE,hmi_RCSTT443B_VALUE,hmi_RCSTT453A_VALUE,hmi_RCSTT1734_VALUE,hmi_CTMPT1000A_VALUE,hmi_CTMTT60_VALUE,time
850.896,3311.16,72.9128,72.9128,72.9037,72.9037,78.3545,78.3483,110.875,106.074,67.0079,153.454,325.459,292.86,292.86,325.251,292.874,292.874,344.749,18.4308,0.0,43.4381,1
850.758,3298.16,72.988,72.988,72.9267,72.9266,78.4199,78.2923,111.704,107.615,67.0078,131.399,327.188,292.848,292.846,324.874,292.795,292.795,344.161,3.98943,0.0355465,46.8396,2
850.594,3432.34,73.1551,73.1551,73.0513,73.0512,78.6919,78.245,112.242,108.343,67.0076,124.67,325.133,293.051,293.048,325.054,292.888,292.888,342.155,1.75073,0.0775284,49.4375,3
850.579,3456.73,73.3722,73.3721,73.2153,73.2152,78.8602,78.2062,112.564,108.117,67.0075,124.158,324.938,293.371,293.366,324.812,293.046,293.046,338.271,1.61153,0.118749,51.9946,4
850.662,3429.23,73.5695,73.5694,73.3769,73.3768,78.9758,78.074,112.366,107.949,67.0073,124.288,324.953,293.734,293.729,324.818,293.174,293.174,332.97,1.68101,0.154346,54.1795,5
850.919,2130.92,75.6461,75.646,75.5638,75.5633,79.0179,77.9384,110.26,106.386,67.0072,123.66,324.782,294.068,294.064,324.665,293.27,293.27,327.716,1.44029,0.187411,56.2538,6
851.602,685.199,77.9195,77.9194,77.8911,77.8906,76.5167,75.0632,112.038,108.054,67.007,119.594,323.739,294.277,294.274,323.603,293.315,293.315,323.94,-0.230713,0.220884,58.7886,7
853.559,354.495,79.28,79.28,79.2404,79.2401,73.9263,72.9144,110.74,106.966,67.0069,115.933,322.539,294.596,294.59,322.419,293.539,293.539,320.141,-1.54256,0.254285,61.6381,8
858.077,340.138,80.0776,80.0776,80.0375,80.0374,72.1862,71.4747,110.725,106.911,67.0068,110.395,320.807,295.268,295.259,320.706,294.275,294.275,316.261,-3.73311,0.28659,64.3975,9
866.463,328.359,80.6223,80.6222,80.5927,80.5926,70.8449,70.3094,110.276,106.762,67.0066,104.711,318.858,295.978,295.968,318.809,295.162,295.162,312.113,-5.87365,0.317064,66.8622,10
882.394,318.517,80.9634,80.9634,80.9281,80.9281,69.3981,69.0153,109.782,107.601,67.0065,99.767,317.104,296.551,296.544,316.979,295.841,295.841,308.321,-7.09991,0.345678,69.0029,11
909.488,309.495,81.0659,81.0659,81.0495,81.0494,68.1495,67.637,107.832,104.602,67.0063,96.2871,315.563,296.902,296.898,315.57,296.278,296.278,305.301,-7.76337,0.372761,70.8658,12
940.07,301.217,81.0123,81.0122,81.0095,81.0095,66.6545,66.2845,100.429,97.6674,67.0462,94.298,314.744,297.785,297.793,314.707,297.582,297.582,303.75,-8.23656,0.398793,72.5083,13
962.273,293.875,80.7495,80.7494,80.7435,80.7435,65.3623,65.3273,98.7535,96.7865,67.1207,92.5259,313.918,297.147,297.157,313.802,296.898,296.898,302.429,-8.59724,0.424292,74.0061,14
968.448,287.75,80.4205,80.4204,80.4122,80.4122,64.2059,64.4331,97.0189,94.5888,67.1535,91.3409,313.269,296.718,296.728,313.165,296.476,296.476,301.466,-8.75882,0.449197,75.377,15
960.399,282.529,80.0625,80.0611,80.06,80.0588,62.6536,63.3152,94.2403,91.6609,67.1698,90.4132,312.748,296.419,296.43,312.657,296.215,296.215,300.755,-8.88109,0.473674,76.6604,16
949.098,279.491,79.6613,79.6604,79.6604,79.6596,61.1386,61.9982,94.7917,90.2041,67.1783,89.5859,312.282,296.173,296.19,312.221,296.013,296.013,300.181,-8.99621,0.497718,77.8396,17
937.986,275.668,79.2291,79.2277,79.2293,79.2281,60.0431,61.1109,99.2987,87.0539,67.1854,88.8092,311.774,295.857,295.913,311.749,295.786,295.786,299.552,-9.0409,0.521382,78.9655,18
938.529,271.79,78.7847,78.7829,78.7859,78.7843,59.2,60.4662,103.146,84.3683,67.1922,87.8985,311.219,295.483,295.574,311.229,295.494,295.493,298.852,-9.15087,0.544017,79.9931,19
945.86,267.813,78.3052,78.304,78.3072,78.3062,58.4675,59.9158,105.214,81.3184,67.199,87.0407,310.672,295.11,295.235,310.709,295.184,295.184,298.154,-9.25649,0.566339,80.9446,20
959.175,264.591,77.8306,77.8323,77.828,77.8297,57.8449,59.4298,108.025,74.2223,67.2057,86.6032,310.168,294.791,294.972,310.142,294.722,294.722,297.593,-9.03859,0.58896,81.8849,21
970.264,261.248,77.3505,77.352,77.3441,77.3458,57.3815,58.9226,109.901,71.4917,67.2126,86.0815,309.734,294.539,294.75,309.572,294.288,294.288,297.104,-8.99119,0.611792,82.8026,22
971.802,258.323,76.8665,76.8679,76.858,76.8598,56.9904,58.3945,110.631,69.8886,67.2195,85.4905,309.26,294.266,294.495,309.033,293.93,293.929,296.584,-8.95935,0.634032,83.6541,23
966.231,255.716,76.383,76.3845,76.3726,76.3744,56.6284,57.8492,110.59,67.8454,67.227,84.9386,308.819,294.016,294.261,308.545,293.611,293.61,296.09,-8.93548,0.656009,84.4775,24
959.991,253.194,75.904,75.9054,75.8913,75.8931,56.2759,57.2687,110.784,65.1646,67.2332,84.3972,308.377,293.761,294.026,308.046,293.264,293.263,295.601,-8.90564,0.677696,85.2762,25
959.716,250.693,75.5176,75.5162,75.5031,75.502,55.9563,56.6992,111.568,63.188,67.2408,83.8538,307.924,293.49,293.778,307.537,292.907,292.906,295.132,-8.87048,0.698845,86.0101,26
965.46,248.364,75.3528,75.3516,75.3372,75.3364,55.7265,56.2076,112.174,62.1273,67.2488,83.2823,307.488,293.226,293.531,307.058,292.585,292.584,294.655,-8.87733,0.719601,86.7031,27
972.197,246.255,75.3584,75.357,75.3419,75.3409,55.4369,55.6681,112.341,61.0162,67.2568,82.7481,307.077,292.983,293.302,306.613,292.293,292.292,294.208,-8.88326,0.740096,87.3749,28
975.353,244.297,75.3431,75.3416,75.3281,75.327,54.6189,54.6134,112.375,59.4376,67.2654,82.3884,306.691,292.78,293.116,306.198,292.04,292.039,293.872,-8.78055,0.760373,88.0334,29
974.825,242.383,75.3056,75.304,75.2882,75.287,53.3968,53.263,112.253,56.7413,67.2734,82.115,306.343,292.611,292.969,305.813,291.813,291.812,293.613,-8.64939,0.780243,88.6444,30
973.574,240.525,75.2276,75.2259,75.209,75.2076,49.6978,49.2386,112.676,53.71,67.2818,81.8667,306.016,292.456,292.841,305.447,291.596,291.594,293.388,-8.51973,0.799729,89.2261,31
973.598,239.053,75.121,75.1193,75.1048,75.1028,46.3444,45.1685,113.287,51.6203,67.2906,81.6322,305.714,292.319,292.729,305.11,291.411,291.41,293.2,-8.40464,0.81887,89.7831,32
974.826,237.604,75.0129,75.0111,74.9977,74.9955,44.9011,43.3326,113.574,49.9029,67.299,81.4122,305.42,292.193,292.622,304.789,291.251,291.25,293.028,-8.28712,0.837848,90.3268,33
976.279,236.194,74.903,74.9011,74.888,74.8859,44.1645,42.3953,113.702,48.0642,67.3076,81.208,305.128,292.07,292.518,304.473,291.096,291.095,292.858,-8.15918,0.856717,90.8646,34
977.082,234.836,74.7893,74.7874,74.775,74.7731,43.7314,41.8137,113.781,46.2752,67.3162,80.9967,304.838,291.946,292.413,304.163,290.953,290.953,292.687,-8.03972,0.875337,91.3741,35
977.282,233.524,74.6847,74.6828,74.6708,74.669,43.5227,41.4854,113.875,44.543,67.3248,80.7915,304.549,291.819,292.306,303.863,290.821,290.821,292.522,-7.9167,0.893702,91.8594,36
977.525,232.225,74.5802,74.5783,74.5669,74.565,43.3613,41.2321,113.998,42.8121,67.3335,80.5663,304.251,291.685,292.191,303.555,290.684,290.684,292.344,-7.80155,0.911879,92.3362,37
978.16,230.947,74.4609,74.459,74.4481,74.4463,43.2038,41.0042,113.968,40.8295,67.3427,80.3068,303.95,291.536,292.06,303.241,290.534,290.534,292.12,-7.71125,0.929826,92.7994,38
979.089,229.737,74.3388,74.3371,74.3262,74.3247,43.3398,40.9663,114.299,39.8102,67.3516,80.1044,303.689,291.409,291.951,302.96,290.394,290.394,291.968,-7.61614,0.94754,93.2481,39
979.887,228.549,74.2137,74.2121,74.2014,74.1999,43.5525,41.0972,114.541,39.0804,67.3609,79.8813,303.412,291.286,291.844,302.69,290.274,290.274,291.798,-7.52235,0.96511,93.6904,40
980.452,227.356,74.0926,74.091,74.0808,74.0792,43.7133,41.3097,114.423,38.0203,67.3701,79.6859,303.13,291.152,291.721,302.394,290.15,290.15,291.606,-7.4016,0.982543,94.1217,41
981.016,226.203,73.9725,73.9709,73.9611,73.9595,43.7495,41.504,112.817,35.0903,67.3798,79.4109,302.799,290.989,291.571,302.04,289.979,289.978,291.356,-7.29794,0.99967,94.5178,42
981.649,225.14,73.844,73.8424,73.8331,73.8316,43.6285,41.534,110.797,32.5779,67.3888,79.1336,302.533,290.848,291.436,301.77,289.808,289.808,291.116,-7.26213,1.01642,94.897,43
982.368,224.086,73.706,73.7043,73.6948,73.6933,43.4815,41.4209,110.761,31.9999,67.3982,78.9241,302.229,290.704,291.304,301.446,289.638,289.638,290.95,-7.13267,1.03286,95.268,44
983.03,223.007,73.5577,73.5561,73.547,73.5455,43.4866,41.2561,111.894,32.604,67.4064,78.6872,301.951,290.569,291.184,301.139,289.478,289.477,290.775,-7.05329,1.04917,95.6332,45
983.654,221.962,73.4117,73.4101,73.4016,73.4,43.6529,41.1926,111.858,33.0888,67.416,78.5199,301.726,290.455,291.071,300.904,289.38,289.38,290.598,-6.96923,1.06554,95.9946,46
983.699,220.988,73.2526,73.251,73.2426,73.241,43.8678,41.1877,109.946,32.3736,67.4257,78.3646,301.455,290.349,290.967,300.652,289.274,289.273,290.463,-6.82848,1.08189,96.3519,47
983.92,220.054,73.0954,73.0938,73.0853,73.0837,44.0834,41.1606,106.729,29.8178,67.4354,78.208,301.199,290.238,290.853,300.35,289.144,289.144,290.287,-6.70498,1.09799,96.7038,48
984.622,219.199,72.9298,72.9282,72.9198,72.9182,44.2912,41.0859,104.79,27.6402,67.4452,77.9663,300.917,290.121,290.741,300.095,289.006,289.006,290.149,-6.62794,1.11364,97.0402,49
985.39,218.317,72.76,72.7584,72.7503,72.7487,44.4627,40.969,104.131,25.8367,67.4553,77.6744,300.66,289.969,290.596,299.785,288.832,288.831,289.916,-6.61957,1.12882,97.3442,50
985.962,217.422,72.5917,72.5901,72.5825,72.5809,44.6141,40.8092,104.283,26.2213,67.4654,77.4227,300.454,289.87,290.507,299.582,288.727,288.727,289.78,-6.62838,1.14387,97.6412,51
986.278,216.543,72.4222,72.4206,72.413,72.4114,44.7853,40.7551,105.106,27.5925,67.4754,77.3038,300.178,289.757,290.402,299.344,288.624,288.624,289.683,-6.45477,1.15891,97.9375,52
986.424,215.674,72.2535,72.2519,72.2449,72.2433,44.9475,40.6769,104.172,26.6702,67.4855,77.1279,299.9,289.607,290.253,299.038,288.485,288.484,289.466,-6.32741,1.17396,98.2347,53
986.87,214.89,72.0881,72.0865,72.0793,72.0777,45.0445,40.5155,101.362,25.6608,67.4956,76.861,299.684,289.494,290.136,298.751,288.343,288.343,289.294,-6.3425,1.18887,98.5296,54
987.254,214.137,71.912,71.9104,71.9032,71.9016,45.0951,40.4049,99.1731,24.9657,67.5046,76.6378,299.367,289.364,290.005,298.525,288.203,288.203,289.132,-6.2188,1.20346,98.817,55
988.018,213.328,71.7327,71.7311,71.7232,71.7216,45.1358,40.3331,98.7414,24.3104,67.5149,76.3928,299.114,289.202,289.848,298.17,288.02,288.02,288.918,-6.17822,1.2177,99.0923,56
988.859,212.536,71.5529,71.5512,71.543,71.5414,45.2416,40.3172,98.4317,22.8012,67.5253,76.1413,298.986,289.095,289.743,298.024,287.938,287.938,288.709,-6.27072,1.23179,99.3576,57
989.452,211.782,71.3835,71.3814,71.3713,71.3695,45.3407,40.3542,98.9832,24.0989,67.5363,75.9917,298.721,288.987,289.645,297.747,287.81,287.809,288.629,-6.13647,1.24586,99.6214,58
989.65,211.031,71.2112,71.2081,71.1899,71.1877,45.4371,40.4452,97.6635,23.8545,67.5467,75.7529,298.418,288.832,289.491,297.514,287.685,287.684,288.425,-6.04329,1.2599,99.8851,59
990.262,210.325,71.0435,71.0394,71.0042,71.0018,45.4501,40.5561,95.508,23.6102,67.5576,75.5209,298.13,288.702,289.357,297.281,287.549,287.549,288.245,-5.96025,1.27369,100.134,60
991.201,209.627,70.8738,70.8687,70.8045,70.8025,45.3837,40.6815,93.9494,22.6821,67.568,75.257,297.913,288.544,289.194,296.979,287.389,287.389,288.008,-5.97758,1.28715,100.367,61
992.181,208.928,70.7143,70.7083,70.6071,70.6058,45.2959,40.8316,93.2399,22.4751,67.5788,74.9969,297.67,288.406,289.06,296.707,287.234,287.233,287.821,-5.96598,1.3004,100.594,62
993.06,208.228,70.5551,70.548,70.4069,70.4064,45.1943,40.9932,92.8722,22.3143,67.5892,74.8382,297.439,288.267,288.92,296.497,287.102,287.102,287.648,-5.87691,1.31353,100.817,63
994.018,207.557,70.3865,70.3785,70.2004,70.2007,45.1061,41.1705,91.6171,21.4276,67.5996,74.6003,297.216,288.134,288.788,296.199,286.95,286.95,287.451,-5.86724,1.32655,101.038,64
994.704,206.9,70.2261,70.2176,70.0112,70.0121,45.0917,41.3501,90.1267,20.9284,67.6105,74.3922,296.932,287.984,288.635,295.972,286.816,286.815,287.262,-5.77057,1.33944,101.256,65
995.438,206.269,70.0584,70.0495,69.8188,69.8202,44.9814,41.4904,87.9918,19.7951,67.6214,74.1192,296.67,287.84,288.488,295.648,286.628,286.627,287.059,-5.75517,1.35211,101.47,66
996.3,205.628,69.8869,69.8777,69.6295,69.6312,44.8107,41.6153,86.0895,17.6882,67.6311,73.7937,296.389,287.645,288.288,295.422,286.465,286.465,286.738,-5.76942,1.36455,101.677,67
997.527,205.009,69.7263,69.7168,69.4522,69.4541,44.643,41.7046,84.9691,15.8768,67.6415,73.5148,296.166,287.507,288.149,295.159,286.292,286.291,286.505,-5.80098,1.37679,101.88,68
998.392,204.394,69.5579,69.5481,69.269,69.2711,44.3175,41.7413,85.1314,14.2633,67.6535,73.2947,295.913,287.332,287.982,294.91,286.139,286.138,286.276,-5.75046,1.38892,102.08,69
999.038,203.799,69.386,69.3762,69.0871,69.0894,44.0381,41.7842,84.6521,10.4745,67.664,72.9738,295.688,287.11,287.772,294.607,285.932,285.932,285.925,-5.82109,1.40099,102.277,70
999.083,203.208,69.187,69.177,68.8797,68.8821,43.7841,41.7607,83.6362,11.8739,67.6746,72.6326,295.216,286.879,287.543,294.285,285.711,285.711,285.596,-5.66522,1.41292,102.468,71
999.945,202.645,68.9662,68.9561,68.651,68.6536,43.4867,41.6377,81.2544,3.16044,67.6859,72.3232,294.907,286.641,287.336,293.992,285.481,285.481,285.125,-5.64385,1.42466,102.654,72
1000.82,202.068,68.7064,68.696,68.3543,68.3574,43.1629,41.3862,78.3307,0.0,67.698,72.8406,295.05,286.368,287.091,293.396,285.04,285.039,284.391,-5.3064,1.43624,102.836,73
1001.9,201.475,68.3906,68.3792,67.9496,67.9537,42.5853,40.6034,76.3043,0.0,67.7098,73.5637,295.221,285.808,286.675,292.644,284.359,284.359,283.075,-4.81137,1.44798,103.021,74
1003.91,200.98,68.1001,68.0881,67.6155,67.62,41.8546,39.5738,79.5449,0.0,67.7214,72.6299,294.476,285.367,286.31,292.356,284.014,284.013,282.539,-4.92757,1.46007,103.203,75
1004.56,200.391,67.8128,67.8008,67.3137,67.3184,41.4292,39.6941,73.6474,0.0,67.7321,71.5743,294.069,285.546,286.384,292.544,284.348,284.347,283.116,-5.50985,1.4715,103.373,76
1005.3,199.782,67.4811,67.4682,66.8914,66.897,40.7402,39.2868,69.0292,0.0,67.743,72.4425,293.647,284.815,285.643,291.53,283.458,283.457,281.557,-4.27304,1.48256,103.532,77
1009.87,199.381,67.1813,67.1681,66.5547,66.5605,39.7101,38.4016,73.1203,7.78402,67.7548,69.9555,292.681,284.83,285.729,291.736,283.704,283.704,281.799,-5.67488,1.49391,103.697,78
1015.72,198.933,66.8983,66.8848,66.2352,66.2414,39.1525,38.8533,65.2526,0.0,67.767,69.8249,292.72,284.594,285.402,291.354,283.531,283.531,281.595,-5.84198,1.50407,103.839,79
1017.07,198.376,66.5368,66.5226,65.7832,65.7901,38.4819,38.4516,62.0666,0.0,67.7792,70.5818,292.635,283.967,284.776,290.526,282.627,282.626,280.289,-5.02353,1.51412,103.974,80
1019.77,197.995,66.0895,66.0749,65.278,65.2854,37.1999,37.0791,56.3739,0.0,67.7908,69.8182,290.905,283.17,283.944,289.783,281.985,281.985,278.769,-4.03276,1.52374,104.1,81
1022.66,197.557,65.7002,65.6858,64.9037,64.9109,36.5672,37.0567,52.5791,5.39955,67.8012,66.2969,292.24,283.64,284.526,290.264,282.464,282.464,279.905,-8.90862,1.53351,104.228,82
1027.66,196.846,65.2664,65.2522,64.498,64.505,35.9821,37.0619,44.6929,15.4827,67.8133,64.4784,291.173,282.959,283.54,289.821,281.857,281.856,278.796,-9.75603,1.54152,104.32,83
1030.11,196.475,64.7789,64.7648,64.018,64.0248,35.1354,36.4805,39.0117,3.2727,67.8261,63.5301,290.78,281.768,282.255,288.581,280.778,280.778,276.594,-10.3863,1.54886,104.393,84
1043.81,196.116,64.4648,64.4513,63.7742,63.7803,35.12,37.2864,43.4847,9.05086,67.8381,66.3377,290.64,283.078,283.575,289.631,282.266,282.267,279.14,-7.26664,1.55668,104.471,85
1042.12,195.391,64.0501,64.0376,63.4753,63.4803,35.4287,38.2687,30.0687,36.0265,67.8502,64.0068,289.824,281.731,281.982,289.061,281.221,281.221,277.759,-8.91361,1.56443,104.551,86
1043.52,194.913,62.9175,62.9109,62.8262,62.8262,35.2134,38.5773,119.662,119.662,67.8626,37.4646,290.254,281.68,281.981,288.691,280.132,280.132,276.722,-43.6665,1.57171,104.623,87
1041.59,194.847,62.6245,62.6193,62.565,62.5626,31.5042,37.2135,20.6051,16.2908,67.8752,67.4552,289.451,283.303,283.197,288.182,280.802,280.802,273.659,-4.93073,1.578,104.673,88
1040.68,194.201,62.4734,62.468,62.4052,62.4031,35.6845,39.5368,25.0121,24.5174,67.8883,65.3182,290.068,282.438,282.733,289.669,282.113,282.113,278.343,-7.7592,1.58628,104.76,89
1046.45,194.046,62.3355,62.3297,62.2454,62.2437,37.0608,40.6599,0.541573,0.0,67.8993,64.6127,291.159,282.833,283.112,289.275,281.428,281.428,278.495,-9.59924,1.594,104.844,90
1056.19,193.572,62.2315,62.2257,62.1447,62.1429,38.3272,41.6501,8.74391,8.11817,67.9102,64.529,290.236,282.867,283.149,289.333,282.226,282.226,279.164,-8.76499,1.60111,104.918,91
1061.93,193.141,62.1059,62.1001,62.0188,62.0171,39.3108,42.4209,10.446,8.58652,67.9251,63.7655,290.029,282.354,282.637,288.928,281.621,281.641,279.155,-9.37951,1.60782,104.981,92
1066.46,192.723,61.9613,61.9556,61.8768,61.875,39.8373,42.7663,14.2296,11.0465,67.9358,63.0766,289.545,281.884,282.165,288.343,281.161,281.186,278.863,-9.64603,1.61418,105.034,93
1066.5,192.302,61.7949,61.7894,61.7204,61.7184,40.0844,42.9283,16.5931,14.4815,67.949,62.5144,288.904,281.433,281.706,287.941,280.789,280.814,278.073,-9.62423,1.62026,105.08,94
1065.26,191.888,61.6056,61.6004,61.5454,61.5432,40.1263,42.9459,17.0063,15.7696,67.9626,62.0593,288.481,281.073,281.337,287.67,280.511,280.531,276.904,-9.70757,1.62634,105.125,95
1065.71,191.48,61.3996,61.3947,61.3586,61.3561,40.0644,42.9006,16.612,15.7112,67.9729,61.563,288.136,280.725,280.983,287.463,280.26,280.261,276.362,-9.91872,1.63242,105.17,96
1068.81,191.079,61.1805,61.176,61.1592,61.1563,39.9429,42.8171,16.0107,14.9999,67.9871,61.0927,287.804,280.4,280.652,287.19,279.96,279.961,275.883,-10.118,1.6384,105.213,97
1071.95,190.684,60.951,60.947,60.948,60.9448,39.8006,42.691,15.904,14.4824,68.0016,60.678,287.485,280.083,280.333,286.901,279.661,279.663,275.459,-10.2709,1.64428,105.255,98
1076.52,190.295,60.7128,60.709,60.7263,60.7228,39.6351,42.5274,15.8959,14.2537,68.0127,60.256,287.162,279.762,280.009,286.601,279.356,279.358,275.022,-10.4321,1.65004,105.293,99
1080.49,189.909,60.4695,60.4662,60.4982,60.4944,39.4692,42.3568,15.7904,14.0173,68.0262,59.8901,286.876,279.475,279.718,286.346,279.087,279.089,274.658,-10.5683,1.65574,105.331,100
1085.9,189.529,60.2218,60.2188,60.265,60.2609,39.3173,42.1988,15.5723,13.5771,68.0407,59.5241,286.591,279.185,279.425,286.096,278.814,278.816,274.286,-10.709,1.66138,105.368,101
1091.43,189.153,59.9709,59.9682,60.0278,60.0233,39.1829,42.0589,15.3375,13.0501,68.0532,59.1639,286.31,278.897,279.134,285.846,278.543,278.544,273.919,-10.8492,1.66694,105.404,102
1094.59,188.783,59.7165,59.7141,59.7866,59.7819,39.0653,41.9378,15.108,12.5625,68.0664,58.7763,286.01,278.591,278.826,285.575,278.254,278.256,273.527,-11.0053,1.67242,105.439,103
1101.23,188.419,59.4598,59.4576,59.5425,59.5375,38.9621,41.8338,14.8269,11.9644,68.0801,58.4111,285.731,278.305,278.538,285.324,277.982,277.983,273.154,-11.1589,1.67782,105.473,104
1108.86,188.059,59.2018,59.1999,59.2964,59.2912,38.8719,41.7461,14.4251,11.1884,68.094,58.0601,285.45,278.006,278.236,285.072,277.696,277.698,272.772,-11.2958,1.68311,105.502,105
1067.19,187.706,58.9605,58.9588,59.0657,59.0603,38.8278,41.713,14.3111,10.4319,68.1078,58.0376,285.267,277.889,278.125,284.928,277.596,277.598,272.656,-11.1401,1.68831,105.528,106
1114.16,187.356,58.7291,58.7275,58.841,58.8354,38.964,41.8446,14.0674,10.3295,68.1219,57.8944,285.071,277.722,277.949,284.727,277.437,277.439,272.676,-11.116,1.69355,105.556,107
1090.19,187.008,58.5361,58.5345,58.6498,58.6442,39.1145,41.9867,14.4298,10.3953,68.1356,58.7282,285.264,278.12,278.359,285.164,277.887,277.894,272.694,-10.3162,1.69875,105.584,108
1124.65,186.665,58.3414,58.3398,58.4548,58.4492,39.5297,42.3677,13.8888,9.94574,68.1484,58.0618,284.831,277.617,277.837,284.477,277.341,277.343,272.922,-10.6754,1.70405,105.615,109
1129.78,186.326,58.1276,58.1261,58.2417,58.2361,39.7081,42.5298,13.7747,9.66947,68.1618,57.5422,284.474,277.231,277.449,284.152,276.963,276.965,272.406,-10.9421,1.70917,105.643,110
1134.34,185.993,57.9151,57.9136,58.0311,58.0254,39.7484,42.5689,13.5476,9.11851,68.176,57.0717,284.155,276.862,277.078,283.862,276.603,276.605,271.774,-11.1932,1.71421,105.669,111
1140.39,185.664,57.6838,57.6824,57.803,57.7973,39.7198,42.5489,13.2797,8.71165,68.1899,56.6286,283.843,276.517,276.732,283.575,276.268,276.27,271.28,-11.4219,1.71915,105.694,112
1147.06,185.339,57.4588,57.4575,57.581,57.5753,39.648,42.4938,12.9188,8.0899,68.2043,56.1767,283.529,276.166,276.381,283.281,275.928,275.93,270.786,-11.6642,1.72402,105.717,113
1144.31,185.018,57.2194,57.2182,57.3441,57.3383,39.4594,42.4234,12.5804,7.51133,68.2187,55.7392,283.219,275.822,276.039,282.996,275.6,275.602,270.312,-11.8966,1.72879,105.739,114
1160.07,184.701,56.9866,56.9855,57.1158,57.1099,39.2386,42.347,12.1904,6.39823,68.2328,55.3563,282.907,275.457,275.673,282.706,275.241,275.243,269.839,-12.0625,1.73347,105.759,115
1167.76,184.387,56.7432,56.7422,56.8789,56.873,39.0303,42.2781,12.0434,6.39367,68.2452,54.8875,282.612,275.119,275.337,282.437,274.916,274.918,269.372,-12.3577,1.73806,105.778,116
1172.54,184.077,56.4961,56.4953,56.6401,56.634,38.8163,42.2098,11.8102,5.86296,68.2609,54.4784,282.3,274.76,274.978,282.158,274.569,274.571,268.901,-12.564,1.74256,105.795,117
1152.25,183.771,56.2482,56.2476,56.4022,56.3959,38.6049,42.1469,11.4919,5.44756,68.273,54.0415,281.982,274.393,274.61,281.864,274.212,274.214,268.409,-12.8032,1.74699,105.811,118
1178.34,183.469,56.0013,56.0008,56.1643,56.1578,38.4329,42.1292,11.3097,5.15639,68.2885,53.7818,281.713,274.127,274.345,281.626,273.958,273.96,268.118,-12.8681,1.75133,105.825,119
1191.92,183.17,55.7509,55.7507,55.9241,55.9175,38.25,42.0937,11.0663,5.01716,68.303,53.3139,281.387,273.747,273.963,281.326,273.585,273.588,267.606,-13.1471,1.75561,105.838,120
1198.21,182.874,55.4912,55.4912,55.6755,55.6687,38.0445,42.0449,10.8492,4.66903,68.3166,52.881,281.058,273.36,273.577,281.018,273.207,273.21,267.1,-13.3811,1.75981,105.85,121
1189.61,182.581,55.2361,55.2363,55.4319,55.4249,37.8157,41.9844,10.6164,4.49477,68.3329,52.434,280.74,272.985,273.202,280.726,272.841,272.843,266.587,-13.6505,1.76393,105.861,122
1186.89,182.29,54.9844,54.9848,55.1861,55.179,37.6202,41.9647,10.4724,4.25826,68.3459,52.2542,280.486,272.74,272.957,280.51,272.607,272.61,266.375,-13.6571,1.768,105.871,123
1206.49,182.006,54.7152,54.7157,54.9297,54.9225,37.2462,41.7171,10.3236,1.03197,68.3609,51.7491,280.035,272.134,272.356,280.067,272.01,272.011,265.432,-13.8845,1.77194,105.879,124
1226.93,181.72,54.4458,54.4466,54.6723,54.6648,36.9621,41.611,10.0204,3.48627,68.375,50.9117,279.634,271.649,271.884,279.712,271.542,271.547,264.764,-14.6533,1.7758,105.885,125
1229.55,181.442,54.1816,54.1826,54.4193,54.4117,36.6916,41.5285,9.74646,3.71435,68.3901,50.5314,279.38,271.311,271.529,279.449,271.195,271.199,264.328,-14.9068,1.77959,105.89,126
1227.98,181.167,53.9292,53.9303,54.1757,54.1679,36.4894,41.5016,9.56596,3.37664,68.4065,50.3868,279.119,271.083,271.307,279.209,270.977,270.984,264.148,-14.8633,1.78333,105.895,127
1252.83,180.892,53.6687,53.67,53.9245,53.9167,36.309,41.4816,9.33866,3.04985,68.4198,49.9448,278.714,270.66,270.891,278.847,270.57,270.574,263.606,-15.1063,1.78705,105.899,128
1263.35,180.62,53.4216,53.423,53.6858,53.6779,36.36,41.4398,9.08101,2.9343,68.436,49.4865,278.381,270.24,270.467,278.517,270.152,270.156,263.064,-15.4092,1.7907,105.902,129
1272.73,180.351,53.168,53.1696,53.4409,53.4329,36.6272,41.3826,8.83062,2.6939,68.4498,49.0243,278.035,269.816,270.051,278.196,269.738,269.742,262.493,-15.7307,1.79429,105.905,130
1279.56,180.083,52.9144,52.9161,53.1959,53.1877,36.8306,41.3148,8.62414,2.57016,68.4655,48.5755,277.667,269.387,269.624,277.86,269.316,269.32,261.941,-16.0232,1.79783,105.906,131
1286.92,179.817,52.6541,52.656,52.9442,52.936,37.0019,41.2325,8.49313,2.40939,68.48,48.122,277.3,268.953,269.192,277.525,268.889,268.894,261.377,-16.3285,1.80131,105.907,132
1300.6,179.555,52.4072,52.4091,52.7057,52.6974,37.1593,41.1401,8.38225,2.32037,68.4956,47.6578,276.934,268.519,268.773,277.194,268.469,268.474,260.793,-16.6583,1.80471,105.907,133
1305.5,179.295,52.1478,52.1499,52.4553,52.4469,37.3171,41.0423,8.2498,2.07353,68.5115,47.2225,276.576,268.064,268.311,276.852,268.019,268.024,260.227,-16.9412,1.80806,105.906,134
1313.99,179.038,51.9023,51.9045,52.2179,52.2094,37.4814,40.9433,8.10333,1.93119,68.5249,46.7734,276.196,267.613,267.87,276.507,267.581,267.586,259.644,-17.2444,1.81134,105.903,135
1326.56,178.785,51.6514,51.6536,51.976,51.9674,37.6561,40.8477,7.90748,2.21922,68.5419,46.2805,275.818,267.148,267.403,276.151,267.122,267.128,259.061,-17.6057,1.81455,105.9,136
1328.06,178.534,51.4018,51.4042,51.736,51.7273,37.8393,40.7576,7.78599,1.88814,68.5555,45.8545,275.444,266.705,266.969,275.807,266.69,266.695,258.476,-17.887,1.81771,105.896,137
1333.51,178.286,51.1605,51.163,51.4966,51.4879,38.0533,40.6764,7.64288,1.78096,68.572,45.3966,275.045,266.232,266.498,275.42,266.221,266.228,257.874,-18.1776,1.82081,105.891,138
1352.59,178.04,50.9206,50.9231,51.2589,51.2502,38.2902,40.5994,7.4945,1.58187,68.5868,44.9594,274.664,265.767,266.033,275.067,265.763,265.77,257.284,-18.4751,1.82385,105.885,139
1368.18,177.795,50.6818,50.6843,51.0231,51.0144,38.5001,40.5325,7.33568,1.62946,68.6024,44.4991,274.281,265.301,265.589,274.698,265.312,265.319,256.692,-18.7974,1.82683,105.878,140
1370.96,177.558,50.4468,50.4494,50.7926,50.7839,38.6873,40.4756,7.18675,1.58989,68.6181,44.0346,273.901,264.82,265.115,274.33,264.839,264.846,256.078,-19.1314,1.82975,105.87,141
1386.73,177.316,50.2185,50.221,50.5617,50.553,38.9375,40.4921,7.11728,1.4824,68.6334,44.05,273.677,264.664,264.942,274.139,264.684,264.692,256.101,-18.917,1.83268,105.863,142
1399.82,177.077,50.0018,50.0043,50.3425,50.3339,39.1793,40.4924,6.99994,1.43921,68.6499,43.5602,273.269,264.162,264.457,273.749,264.192,264.2,255.454,-19.2735,1.83557,105.855,143
1410.79,176.841,49.7735,49.7761,50.1124,50.1038,39.3604,40.4736,6.89619,1.32226,68.664,43.0724,272.848,263.644,263.959,273.347,263.687,263.696,254.778,-19.621,1.83839,105.847,144
1421.86,176.608,49.5557,49.5583,49.8935,49.8849,39.5075,40.4453,6.76744,1.2696,68.6808,42.5639,272.433,263.118,263.439,272.951,263.168,263.177,254.076,-20.0125,1.84114,105.837,145
1446.72,176.377,49.3312,49.3338,49.6681,49.6596,39.6344,40.4054,6.60396,1.38078,68.6957,41.9889,272.013,262.574,262.904,272.556,262.634,262.643,253.316,-20.4649,1.84383,105.826,146
1513.63,176.146,49.1045,49.107,49.4393,49.4308,39.7397,40.3517,6.47711,1.19693,68.7113,41.4221,271.559,261.947,262.248,272.116,262.002,262.012,252.489,-20.6763,1.84644,105.815,147
1513.88,175.923,48.8773,48.8798,49.2133,49.2048,39.837,40.2927,6.34324,0.938109,68.7269,40.8186,271.089,261.316,261.634,271.665,261.382,261.393,251.596,-20.9286,1.84893,105.801,148
1555.7,175.696,48.65,48.6525,48.9812,48.9728,39.9407,40.246,6.15455,1.33182,68.7421,40.0766,270.625,260.673,260.995,271.22,260.742,260.753,250.626,-21.3648,1.85135,105.786,149
1596.55,175.472,48.4218,48.4243,48.7498,48.7414,40.0462,40.1991,5.95988,1.44158,68.7592,39.4434,270.121,259.987,260.295,270.755,260.054,260.064,249.689,-21.6667,1.85369,105.769,150
1673.58,175.258,48.192,48.1941,48.4891,48.4811,40.1569,40.1709,5.89096,5.36392,68.7751,38.5149,269.587,259.274,259.615,270.269,259.361,259.372,248.568,-22.3337,1.85591,105.751,151
1389.21,175.052,47.8804,47.8811,48.0466,48.0406,40.26,39.8421,5.56312,1.11481,68.7908,37.9823,268.997,258.469,258.821,269.748,258.561,258.573,247.513,-22.4901,1.85801,105.73,152
1702.05,174.864,47.573,47.5732,47.7351,47.7291,39.3043,37.9692,4.5292,0.0,68.807,36.5942,266.25,256.491,256.67,268.253,256.612,256.615,243.25,-22.8214,1.85825,105.694,153
1666.04,174.649,47.3311,47.3317,47.5166,47.5102,40.0411,39.7168,4.37364,0.353672,68.8224,37.2378,266.933,257.361,257.682,268.017,257.473,257.477,245.759,-21.7272,1.86012,105.665,154
1743.15,174.432,47.0887,47.0898,47.3028,47.296,40.411,40.7403,4.31756,1.03031,68.8384,36.1079,266.573,256.391,257.462,267.293,256.504,256.515,245.159,-22.5237,1.86213,105.64,155
1771.16,174.21,46.811,46.8126,47.0595,47.0523,40.3139,41.0346,4.22072,0.622681,68.8553,35.0051,266.125,255.214,255.579,266.281,255.347,255.193,243.455,-23.0619,1.86395,105.614,156
1761.8,173.997,46.5161,46.5184,46.8194,46.8115,40.0669,41.2436,4.45215,0.736059,68.8703,34.1447,265.647,254.255,254.604,266.339,254.375,254.386,241.524,-24.3779,1.86566,105.588,157
1761.64,173.781,46.2312,46.2339,46.5754,46.5671,40.006,41.3542,4.99775,1.42563,68.8869,33.3136,265.259,253.36,253.696,265.915,253.507,253.52,240.191,-25.2124,1.86715,105.559,158
1778.7,173.57,45.9559,45.9589,46.3256,46.3171,40.1651,41.3885,5.48282,1.98647,68.9026,32.6125,264.776,252.493,252.786,265.465,252.665,252.68,238.999,-25.8596,1.86838,105.527,159
1796.12,173.362,45.7059,45.7091,46.0903,46.0816,40.4524,41.4541,5.56487,2.57287,68.92,31.963,264.204,251.669,251.925,264.991,251.859,251.876,237.87,-26.4332,1.86942,105.491,160
1813.08,173.156,45.4799,45.4831,45.869,45.8602,40.7819,41.5918,5.31695,2.74587,68.935,31.3768,263.599,250.881,251.119,264.478,251.076,251.092,236.865,-26.8907,1.87034,105.452,161
1830.07,172.952,45.2661,45.2692,45.6479,45.6393,41.1459,41.7829,4.87384,2.4562,68.9513,30.7878,262.949,250.094,250.336,263.905,250.277,250.293,235.807,-27.3186,1.8712,105.412,162
1848.26,172.749,45.0656,45.0685,45.4324,45.424,41.4602,41.9964,4.40591,1.93595,68.968,30.1745,262.247,249.268,249.535,263.268,249.431,249.447,234.739,-27.7523,1.87205,105.372,163
1879.8,172.549,44.8704,44.8732,45.2214,45.2131,41.7056,42.2702,4.28997,1.44501,68.9839,29.4377,261.416,248.334,248.652,262.546,248.491,248.504,233.506,-28.3576,1.87291,105.331,164
1889.16,172.349,44.673,44.6756,45.0101,45.002,41.8513,42.5456,3.4156,1.08814,69.0008,28.7542,260.807,247.431,247.782,261.756,247.551,247.564,232.167,-28.8386,1.87376,105.289,165
1898.95,172.153,44.4859,44.4885,44.8179,44.8099,41.949,42.8764,3.15315,0.70584,69.0161,28.1099,260.124,246.515,246.969,261.054,246.65,246.663,230.91,-29.3725,1.87464,105.247,166
1912.86,171.958,44.2916,44.2942,44.6275,44.6195,42.0003,43.2361,3.05434,0.670393,69.0334,27.5247,259.432,245.654,246.129,260.425,245.809,245.823,229.802,-29.8974,1.87544,105.206,167
1926.45,171.765,44.0939,44.0967,44.4425,44.4343,42.0162,43.5664,3.02824,0.723918,69.0489,26.9229,258.694,244.756,245.221,259.774,244.944,244.959,228.643,-30.4665,1.87622,105.176,168
1938.04,171.574,43.888,43.8909,44.2568,44.2485,42.0164,43.8584,3.03624,0.832179,69.0667,26.3266,257.955,243.844,244.28,259.13,244.072,244.089,227.472,-31.0651,1.87693,105.15,169
1946.19,171.384,43.685,43.6882,44.0778,44.0693,42.0216,44.1044,3.04934,0.926327,69.0821,25.741,257.238,242.929,243.343,258.471,243.192,243.209,226.301,-31.6603,1.87745,105.107,170
1949.99,171.196,43.4869,43.4903,43.9033,43.8946,42.0469,44.2903,3.05775,0.984891,69.0986,25.1751,256.536,242.018,242.421,257.786,242.307,242.322,225.143,-32.2205,1.87784,105.061,171
1950.67,171.009,43.2847,43.2883,43.7236,43.7147,42.094,44.4191,3.05904,1.02833,69.1161,24.6172,255.829,241.115,241.512,257.099,241.427,241.439,224.011,-32.7926,1.87812,105.013,172
1949.68,170.823,43.0798,43.0836,43.5386,43.5296,42.1555,44.5076,3.05209,1.05978,69.1314,24.1051,255.119,240.22,240.612,256.42,240.552,240.563,222.902,-33.2987,1.87831,104.964,173
1948.25,170.638,42.8809,42.8848,43.3576,43.3484,42.2233,44.5692,3.03578,1.08834,69.1482,23.5972,254.416,239.331,239.719,255.751,239.676,239.692,221.814,-33.8328,1.87841,104.915,174
1946.79,170.455,42.6881,42.6922,43.1807,43.1714,42.2867,44.6233,3.0116,1.11711,69.1661,23.0846,253.715,238.441,238.825,255.068,238.797,238.811,220.731,-34.3931,1.87844,104.864,175
1945.78,170.274,42.4917,42.4959,42.9986,42.9893,42.3482,44.6434,2.98743,1.13608,69.1817,22.5938,253.02,237.538,237.918,254.352,237.895,237.907,219.628,-34.8941,1.8784,104.813,176
1945.47,170.094,42.2969,42.3011,42.8144,42.805,42.4108,44.6518,2.96578,1.15334,69.2,22.0738,252.326,236.618,236.996,253.627,236.971,236.982,218.498,-35.4898,1.87829,104.762,177
1946.18,169.916,42.1038,42.108,42.6288,42.6194,42.477,44.6438,2.94728,1.1735,69.2153,21.5752,251.621,235.68,236.056,252.909,236.034,236.038,217.339,-36.0672,1.87812,104.71,178
1946.67,169.74,41.9083,41.9125,42.4387,42.4293,42.5475,44.6296,2.93183,1.19862,69.233,21.0512,250.901,234.716,235.089,252.191,235.067,235.076,216.136,-36.7429,1.87789,104.658,179
1945.95,169.565,41.7252,41.7294,42.2621,42.2528,42.6273,44.6543,2.90054,1.08785,69.2489,20.6147,250.176,233.806,234.181,251.523,234.175,234.184,215.05,-37.2613,1.87761,104.606,180
1946.49,169.392,41.5345,41.5385,42.076,42.0669,42.7027,44.6925,2.86006,1.12509,69.2663,20.2228,249.456,232.957,233.329,250.833,233.324,233.337,214.096,-37.6568,1.87731,104.557,181
1949.04,169.22,41.3476,41.3495,41.8954,41.888,42.7751,44.6953,2.81734,1.14264,69.2832,19.8516,248.679,232.125,232.493,250.094,232.486,232.497,213.183,-37.9639,1.87715,104.533,182
1953.73,169.049,41.1546,41.1547,41.7275,41.7222,42.8284,44.6623,2.77547,1.15227,69.2992,19.4972,247.884,231.304,231.67,249.325,231.661,231.671,212.302,-38.2087,1.87697,104.511,183
1960.15,168.878,40.9536,40.9538,41.555,41.5498,42.8436,44.6065,2.74015,1.16127,69.3177,19.1479,247.105,230.495,230.858,248.544,230.847,230.858,211.447,-38.4438,1.87674,104.488,184
1967.83,168.709,40.7435,40.7436,41.3767,41.3715,42.8335,44.5474,2.72263,1.23662,69.3339,18.8235,246.363,229.698,230.058,247.775,230.046,230.057,210.598,-38.6333,1.87646,104.464,185
1976.39,168.54,40.5349,40.535,41.2002,41.195,42.8101,44.4742,2.74845,1.22693,69.3505,18.5247,245.66,228.915,229.27,247.034,229.262,229.272,209.823,-38.7858,1.87615,104.44,186
1985.5,168.373,40.3278,40.3279,41.0248,41.0196,42.7905,44.369,2.80488,1.30061,69.3686,18.2373,244.985,228.151,228.498,246.331,228.497,228.507,209.068,-38.9554,1.87578,104.414,187
1994.85,168.206,40.1082,40.1082,40.8361,40.831,42.7851,44.2265,2.88741,1.39187,69.3852,17.9708,244.316,227.408,227.745,245.646,227.753,227.763,208.359,-39.0876,1.87536,104.388,188
2004.33,168.041,39.8981,39.8982,40.6524,40.6473,42.7933,44.0451,2.98041,1.48989,69.4029,17.7144,243.643,226.681,227.01,244.98,227.026,227.035,207.685,-39.2179,1.87491,104.361,189
2013.83,167.876,39.6823,39.6824,40.4605,40.4554,42.8123,43.8322,3.03294,1.57948,69.42,17.4876,242.981,225.978,226.296,244.315,226.315,226.324,207.05,-39.265,1.87443,104.333,190
2023.34,167.712,39.4663,39.4664,40.2646,40.2596,42.8376,43.5976,3.07599,1.65126,69.4361,17.2713,242.327,225.296,225.605,243.661,225.624,225.632,206.455,-39.2963,1.87389,104.304,191
2033.19,167.55,39.2498,39.2499,40.0658,40.0608,42.8622,43.3544,3.13525,1.71246,69.4545,17.0677,241.676,224.629,224.933,243.016,224.948,224.956,205.891,-39.3021,1.87331,104.275,192
2043.7,167.388,39.0324,39.0325,39.8643,39.8593,42.8762,43.1064,3.20507,1.76985,69.4707,16.8729,241.012,223.957,224.256,242.353,224.268,224.276,205.348,-39.2681,1.87275,104.253,193
2055.12,167.228,38.8138,38.8139,39.6602,39.6552,42.8931,42.8556,3.27653,1.83116,69.4888,16.6852,240.389,223.328,223.622,241.728,223.631,223.639,204.82,-39.2535,1.87216,104.232,194
2067.5,167.069,38.5885,38.5886,39.4484,39.4435,42.907,42.6035,3.35074,1.89941,69.506,16.5048,239.755,222.692,222.981,241.091,222.989,222.997,204.318,-39.2077,1.87154,104.21,195
2080.74,166.911,38.3733,38.3734,39.2447,39.2398,42.9212,42.3509,3.42673,1.97065,69.5228,16.3312,239.113,222.05,222.334,240.446,222.342,222.35,203.84,-39.1361,1.8709,104.191,196
2094.47,166.753,38.1464,38.1464,39.0285,39.0237,42.9378,42.1,3.4997,2.04213,69.5398,16.1638,238.496,221.434,221.713,239.828,221.722,221.73,203.383,-39.0161,1.87023,104.171,197
2108.26,166.597,37.9252,37.9253,38.8158,38.8109,42.9583,41.8679,3.57003,2.11335,69.5582,16.0021,237.897,220.843,221.116,239.232,221.126,221.134,202.944,-38.8188,1.86954,104.151,198
2121.7,166.442,37.7087,37.7088,38.6102,38.6054,42.9803,41.6498,3.63652,2.18297,69.5748,15.8456,237.288,220.244,220.512,238.622,220.523,220.532,202.522,-38.5994,1.86881,104.132,199
2134.42,166.287,37.4866,37.4867,38.3971,38.3924,43.0036,41.6002,3.69939,2.25039,69.5937,15.6942,236.682,219.654,219.917,238.015,219.929,219.938,202.115,-38.375,1.86806,104.112,200
2146.17,166.134,37.2644,37.2644,38.1873,38.1826,43.028,41.9109,3.75895,2.31484,69.6102,15.5479,236.079,219.072,219.331,237.413,219.344,219.353,201.725,-38.145,1.86729,104.092,201
2156.82,165.981,37.0364,37.0365,37.9729,37.9682,43.0526,42.146,3.81631,2.37721,69.6275,15.4066,235.48,218.499,218.754,236.813,218.768,218.776,201.35,-37.9091,1.86649,104.072,202
2166.34,165.83,36.814,36.814,37.7631,37.7584,43.0772,42.3239,3.87247,2.43826,69.6461,15.2702,234.886,217.935,218.186,236.219,218.202,218.209,200.99,-37.6696,1.86567,104.053,203
2174.77,165.679,36.597,36.5971,37.5596,37.5549,43.0974,42.4734,3.92841,2.50018,69.6625,15.1385,234.301,217.379,217.626,235.631,217.643,217.651,200.645,-37.4277,1.86483,104.033,204
2182.17,165.529,36.3688,36.3689,37.3494,37.3447,43.1256,42.6788,3.98543,2.56216,69.6801,15.0116,233.721,216.833,217.076,235.049,217.094,217.102,200.314,-37.1825,1.86397,104.013,205
2188.66,165.38,36.1517,36.1518,37.1489,37.1443,43.1513,42.8818,4.04333,2.62383,69.699,14.8893,233.15,216.295,216.534,234.475,216.555,216.562,199.996,-36.9366,1.8631,103.994,206
2194.35,165.232,35.9291,35.9292,36.9429,36.9383,43.1775,43.0634,4.10148,2.6846,69.7164,14.7719,232.585,215.766,216.002,233.909,216.024,216.032,199.692,-36.6886,1.86221,103.974,207
2199.35,165.084,35.7074,35.7075,36.7368,36.7322,43.2055,43.2349,4.15838,2.74335,69.7335,14.6596,232.026,215.247,215.48,233.349,215.504,215.511,199.403,-36.4363,1.8613,103.955,208
2203.81,164.938,35.4858,35.4858,36.5303,36.5258,43.2368,43.395,4.21316,2.80014,69.752,14.5523,231.474,214.739,214.969,232.796,214.994,215.001,199.13,-36.1798,1.86038,103.935,209
2209.84,164.792,35.2646,35.2646,36.3237,36.3192,43.2665,43.5547,4.26605,2.85482,69.7693,14.45,230.928,214.24,214.467,232.25,214.494,214.501,198.872,-35.9182,1.85944,103.916,210
2215.04,164.643,35.0429,35.043,36.11,36.1055,43.3451,43.7308,4.7848,3.26621,69.7866,14.4414,230.219,213.809,214.047,230.848,213.934,214.037,198.616,-34.5412,1.85859,103.897,211
2218.55,164.501,34.8308,34.8308,35.9094,35.9049,43.3621,43.8444,4.24579,2.98934,69.806,14.3743,229.891,213.444,213.66,231.257,213.701,213.696,198.466,-35.1379,1.85762,103.876,212
2221.77,164.357,34.6103,34.6104,35.7027,35.6982,43.3587,43.985,4.40486,3.05907,69.8231,14.3103,229.297,212.999,213.215,230.613,213.252,213.256,198.327,-34.6748,1.85666,103.857,213
2224.12,164.213,34.3895,34.3895,35.4979,35.4935,43.3643,44.1172,4.44346,2.94411,69.8405,14.2633,228.814,212.595,212.816,230.184,212.857,212.863,198.214,-34.3799,1.8557,103.838,214
2226.05,164.07,34.1702,34.1703,35.2951,35.2907,43.3983,44.259,4.48828,2.95127,69.8593,14.241,228.398,212.245,212.466,229.782,212.51,212.516,198.181,-34.0414,1.85474,103.818,215
2228.07,163.929,33.9514,33.9514,35.0933,35.0889,43.4388,44.3866,4.58862,3.03471,69.8761,14.2202,227.997,211.9,212.118,229.344,212.164,212.171,198.164,-33.6626,1.85378,103.799,216
2241.69,163.751,33.7393,33.7393,34.8811,34.8767,43.469,44.4811,4.71273,3.14388,69.8954,14.2001,227.585,211.561,211.776,228.907,211.823,211.829,198.146,-33.2831,1.85281,103.779,217
2247.5,163.625,33.5236,33.5236,34.6683,34.664,43.6026,44.3572,4.82923,4.26773,69.9126,14.5642,227.779,211.934,212.088,228.4,212.126,212.157,197.528,-31.7504,1.85214,103.763,218
2243.49,163.484,33.3185,33.3186,34.4881,34.4838,43.5874,44.7696,4.63374,3.20639,69.9304,14.572,227.38,211.529,211.727,228.468,211.817,211.84,197.717,-31.7966,1.8512,103.744,219
2241.64,163.35,33.1107,33.1108,34.3032,34.2988,43.6395,44.9993,4.8451,3.27728,69.9494,14.5744,226.771,211.228,211.429,227.947,211.51,211.523,197.862,-31.2696,1.85029,103.724,220
2240.33,163.214,32.9019,32.902,34.1105,34.1062,43.7007,45.0079,4.9431,3.13034,69.9664,14.5832,225.982,210.923,211.132,227.402,211.229,211.239,197.963,-30.6997,1.84938,103.704,221
2240.46,163.081,32.7038,32.7038,33.9259,33.9216,43.7544,45.0163,4.95335,3.09957,69.9848,14.6292,225.46,210.707,210.914,226.94,211.021,211.03,198.06,-30.1106,1.84847,103.685,222
2241.55,162.949,32.4944,32.4945,33.7339,33.7297,43.7355,45.0203,4.95531,3.11759,70.0025,14.691,225.15,210.534,210.738,226.568,210.842,210.85,198.161,-29.5687,1.84758,103.665,223
2243.56,162.817,32.2771,32.2772,33.5385,33.5343,43.6733,45.0022,5.07352,3.19963,70.022,14.7608,224.915,210.383,210.585,226.272,210.681,210.689,198.279,-29.0819,1.8467,103.646,224
2245.88,162.685,32.0544,32.0545,33.3385,33.3343,43.6284,44.9735,5.3733,3.39187,70.0391,14.8237,224.695,210.241,210.441,226.025,210.532,210.54,198.4,-28.6641,1.84583,103.627,225
2248.28,162.552,31.8299,31.8299,33.1359,33.1317,43.625,44.9556,5.77427,3.64988,70.0586,14.903,224.483,210.114,210.314,225.817,210.405,210.413,198.531,-28.2423,1.84497,103.609,226
2250.74,162.419,31.6059,31.606,32.9317,32.9276,43.6424,44.9616,6.14051,3.93647,70.0757,14.9937,224.272,210.015,210.212,225.615,210.304,210.311,198.669,-27.7968,1.84412,103.59,227
2253.23,162.286,31.3781,31.3781,32.7221,32.718,43.6811,44.9886,6.41164,4.16332,70.0937,15.091,224.058,209.933,210.127,225.417,210.218,210.225,198.815,-27.3397,1.84328,103.571,228
2255.88,162.155,31.1643,31.1644,32.5235,32.5195,43.7305,45.0377,6.59835,4.31821,70.1128,15.188,223.823,209.86,210.051,225.205,210.141,210.149,198.968,-26.8712,1.84245,103.553,229
2258.77,162.024,30.949,30.9491,32.3214,32.3173,43.7889,45.1021,6.72303,4.41151,70.1312,15.2865,223.563,209.793,209.981,224.963,210.073,210.08,199.127,-26.3708,1.84163,103.534,230
2262.33,161.894,30.738,30.738,32.1211,32.1171,43.863,45.1733,6.80123,4.45892,70.1486,15.3947,223.298,209.741,209.927,224.708,210.021,210.028,199.291,-25.8351,1.84084,103.516,231
2266.23,161.765,30.5296,30.5297,31.9226,31.9186,43.9159,45.2513,6.85195,4.4734,70.1685,15.4956,223.035,209.687,209.872,224.451,209.969,209.975,199.46,-25.3181,1.84007,103.498,232
2270.31,161.637,30.3232,30.3233,31.726,31.722,43.9621,45.3274,6.89571,4.47822,70.1856,15.5944,222.786,209.637,209.82,224.196,209.919,209.926,199.633,-24.8098,1.83931,103.48,233
2274.47,161.509,30.118,30.1181,31.5312,31.5272,43.9969,45.3968,6.95791,4.49352,70.2037,15.6921,222.554,209.592,209.773,223.953,209.875,209.881,199.809,-24.3176,1.83857,103.462,234
2277.95,161.384,29.9097,29.9098,31.3319,31.328,44.0314,45.4587,7.07897,4.6113,70.2233,15.7718,222.344,209.541,209.72,223.729,209.821,209.827,199.991,-23.8922,1.83785,103.444,235
2280.59,161.258,29.7152,29.7153,31.1433,31.1394,44.1034,45.5109,7.1852,4.603,70.2406,15.8534,222.139,209.484,209.663,223.51,209.767,209.773,200.165,-23.4679,1.83715,103.426,236
2282.84,161.132,29.5159,29.516,30.9507,30.9468,44.1454,45.5608,7.35178,4.71248,70.2596,15.9452,221.965,209.45,209.628,223.316,209.732,209.738,200.345,-23.0443,1.83647,103.408,237
2284.56,161.006,29.317,29.317,30.7586,30.7548,44.1812,45.6046,7.53454,4.77259,70.2783,16.0434,221.786,209.424,209.6,223.135,209.706,209.712,200.528,-22.6197,1.8358,103.391,238
2286.05,160.881,29.1193,29.1193,30.5674,30.5636,44.2345,45.6503,7.72204,4.94894,70.2962,16.144,221.609,209.416,209.591,222.965,209.699,209.705,200.713,-22.2012,1.83516,103.373,239
2286.98,160.758,28.9235,28.9235,30.377,30.3732,44.2951,45.6927,7.89741,5.06016,70.3153,16.2267,221.423,209.389,209.562,222.788,209.674,209.68,200.9,-21.8216,1.83453,103.356,240
2287.76,160.635,28.7299,28.7299,30.1884,30.1846,44.3628,45.7432,8.01841,5.13222,70.3341,16.3246,221.229,209.376,209.548,222.596,209.664,209.67,201.088,-21.3081,1.83392,103.339,241
2288.49,160.512,28.5336,28.5336,29.9964,29.9926,44.4276,45.7922,8.12376,5.19783,70.3519,16.4182,221.058,209.371,209.542,222.421,209.661,209.666,201.277,-20.8229,1.83334,103.322,242
2289.25,160.389,28.3486,28.3487,29.8154,29.8116,44.4901,45.8439,8.22103,5.2462,70.3721,16.5142,220.889,209.372,209.541,222.249,209.662,209.668,201.469,-20.3352,1.83277,103.305,243
2290.07,160.268,28.1607,28.1608,29.6318,29.6281,44.5467,45.8907,8.32619,5.29259,70.3898,16.6098,220.725,209.376,209.545,222.082,209.668,209.673,201.662,-19.8538,1.83222,103.288,244
2290.98,160.147,27.9699,27.97,29.4453,29.4416,44.6104,45.9379,8.44757,5.34731,70.4082,16.7049,220.565,209.384,209.551,221.92,209.678,209.683,201.856,-19.3806,1.8317,103.272,245
2291.96,160.027,27.7906,27.7907,29.2716,29.268,44.6727,46.0194,8.58212,5.41469,70.4278,16.7993,220.412,209.395,209.561,221.763,209.692,209.697,202.052,-18.9162,1.83119,103.256,246
2293.0,159.907,27.6034,27.6035,29.0953,29.0916,44.7242,46.0781,8.72891,5.49428,70.4453,16.8932,220.265,209.409,209.575,221.611,209.709,209.714,202.249,-18.4605,1.83071,103.239,247
2294.07,159.788,27.3718,27.3719,28.9148,28.9111,44.6467,46.1258,8.888,5.58534,70.4645,16.9858,220.123,209.427,209.592,221.468,209.73,209.735,202.447,-18.0176,1.83024,103.223,248
2295.16,159.669,27.1172,27.1173,28.7445,28.7409,44.6766,46.1725,9.05103,5.68719,70.484,17.0788,219.996,209.45,209.614,221.328,209.754,209.76,202.646,-17.5784,1.8298,103.207,249
2296.29,159.551,26.8251,26.8252,28.5705,28.5669,44.681,46.2317,9.20542,5.78129,70.5017,17.1708,219.872,209.477,209.64,221.197,209.784,209.789,202.845,-17.1534,1.82937,103.191,250
2297.52,159.434,26.545,26.545,28.394,28.3905,45.1667,46.2889,9.36089,5.87307,70.5212,17.2638,219.752,209.508,209.67,221.067,209.816,209.821,203.044,-16.7264,1.82897,103.176,251
2298.87,159.317,26.3344,26.3344,28.2266,28.2231,45.4971,46.3498,9.52787,5.96825,70.5399,17.3558,219.63,209.541,209.703,220.945,209.853,209.858,203.245,-16.3116,1.82859,103.16,252
2300.34,159.2,26.1549,26.155,28.057,28.0535,45.923,46.4026,9.71118,6.07311,70.5578,17.4464,219.514,209.576,209.737,220.824,209.891,209.896,203.447,-15.9042,1.82822,103.145,253
2301.9,159.085,25.9814,25.9815,27.8886,27.8851,46.0621,46.4669,9.91262,6.19435,70.5784,17.5342,219.397,209.61,209.771,220.706,209.93,209.935,203.649,-15.5087,1.82788,103.129,254
2303.49,158.969,25.8121,25.8121,27.7222,27.7187,46.1726,46.5245,10.1115,6.32285,70.5958,17.6198,219.284,209.647,209.807,220.585,209.97,209.975,203.85,-15.1194,1.82757,103.114,255
2305.06,158.854,25.648,25.6481,27.5438,27.5404,46.2961,46.5855,10.2799,6.43724,70.614,17.7038,219.18,209.683,209.843,220.474,210.01,210.014,204.052,-14.7455,1.82727,103.099,256
2306.59,158.74,25.4884,25.4884,27.3471,27.3437,46.4082,46.6133,10.448,6.5469,70.6349,17.7878,219.076,209.722,209.88,220.363,210.051,210.056,204.253,-14.3722,1.82699,103.084,257
2308.05,158.626,25.3325,25.3326,27.1197,27.1164,46.51,46.708,10.6184,6.65517,70.6525,17.8659,218.974,209.76,209.918,220.257,210.094,210.098,204.453,-14.0237,1.82674,103.07,258
2309.4,158.513,25.1802,25.1803,26.8701,26.8669,46.6073,46.7873,10.8008,6.77429,70.6713,17.9437,218.875,209.799,209.957,220.153,210.136,210.141,204.653,-13.6787,1.8265,103.055,259
2310.61,158.4,25.0313,25.0314,26.6321,26.6288,46.6996,47.0138,10.9876,6.89868,70.6909,18.0195,218.779,209.838,209.995,220.053,210.18,210.184,204.852,-13.3453,1.82629,103.041,260
2311.67,158.288,24.8856,24.8856,26.4527,26.4494,46.7876,47.5398,11.1788,7.02718,70.7088,18.0928,218.685,209.877,210.034,219.955,210.223,210.227,205.05,-13.0217,1.8261,103.027,261
2312.59,158.176,24.743,24.743,26.2938,26.2905,46.8723,47.8734,11.3693,7.15685,70.7296,18.163,218.593,209.914,210.071,219.855,210.265,210.269,205.247,-12.7059,1.82593,103.013,262
2313.42,158.064,24.6001,24.6001,26.1364,26.1331,46.9526,48.036,11.5552,7.28421,70.7495,18.2296,218.502,209.951,210.107,219.758,210.305,210.309,205.442,-12.4054,1.82577,102.999,263
2314.21,157.953,24.4668,24.4668,25.9893,25.986,47.037,48.1507,11.7354,7.41029,70.7678,18.2954,218.41,209.985,210.141,219.661,210.344,210.348,205.64,-12.1081,1.82564,102.985,264
2314.98,157.842,24.3331,24.3331,25.8427,25.8394,47.1173,48.2779,11.9044,7.53142,70.7863,18.3558,218.324,210.018,210.173,219.568,210.381,210.385,205.831,-11.8317,1.82553,102.972,265
2315.74,157.732,24.2036,24.2036,25.6996,25.6964,47.2189,48.3985,12.0597,7.6418,70.8052,18.4135,218.237,210.051,210.206,219.477,210.418,210.422,206.015,-11.5649,1.82544,102.958,266
2316.49,157.622,24.0787,24.0787,25.5601,25.5569,47.338,48.5165,12.2146,7.74976,70.8223,18.4691,218.149,210.081,210.236,219.385,210.454,210.458,206.202,-11.3053,1.82536,102.945,267
2317.23,157.513,23.9562,23.9562,25.4237,25.4205,47.4215,48.6305,12.3666,7.855,70.8433,18.5209,218.061,210.109,210.263,219.293,210.487,210.49,206.387,-11.0568,1.8253,102.932,268
2318.0,157.404,23.8359,23.8359,25.2905,25.2873,47.5063,48.7417,12.5104,7.95794,70.8626,18.5689,217.974,210.135,210.288,219.199,210.517,210.521,206.569,-10.8187,1.82526,102.918,269
2318.78,157.296,23.7177,23.7178,25.1603,25.1571,47.5877,48.8471,12.6494,8.0613,70.8809,18.6143,217.887,210.159,210.312,219.103,210.545,210.549,206.752,-10.5863,1.82523,102.905,270
2319.56,157.188,23.6016,23.6017,25.0327,25.0296,47.6691,48.954,12.7834,8.16337,70.8984,18.6546,217.806,210.179,210.332,219.012,210.568,210.572,206.924,-10.3739,1.82523,102.892,271
2320.31,157.08,23.4875,23.4876,24.9077,24.9046,47.7477,49.0529,12.9231,8.26006,70.9158,18.6926,217.723,210.198,210.351,218.919,210.59,210.594,207.097,-10.1671,1.82523,102.879,272
2320.99,156.973,23.3754,23.3754,24.7851,24.782,47.8264,49.1509,13.0582,8.37135,70.9375,18.7265,217.638,210.214,210.366,218.825,210.609,210.612,207.266,-9.97226,1.82525,102.867,273
2321.6,156.866,23.2653,23.2653,24.6648,24.6617,47.9047,49.2394,13.1803,8.4657,70.9562,18.7569,217.553,210.226,210.378,218.731,210.624,210.627,207.432,-9.78753,1.82529,102.854,274
2322.16,156.759,23.1572,23.1572,24.5471,24.544,47.9815,49.339,13.2783,8.54664,70.9743,18.7839,217.466,210.235,210.387,218.637,210.636,210.639,207.593,-9.61268,1.82534,102.842,275
2322.67,156.653,23.0513,23.0513,24.4312,24.4282,48.0587,49.4302,13.3511,8.61146,70.9925,18.8073,217.38,210.242,210.393,218.541,210.644,210.648,207.75,-9.44729,1.8254,102.829,276
2323.12,156.548,22.9471,22.9472,24.3174,24.3143,48.1351,49.5222,13.4043,8.66158,71.012,18.8275,217.292,210.245,210.395,218.445,210.649,210.653,207.907,-9.29055,1.82547,102.817,277
2323.52,156.442,22.8447,22.8447,24.2055,24.2025,48.2068,49.606,13.4432,8.69825,71.0306,18.8429,217.2,210.245,210.394,218.344,210.65,210.653,208.052,-9.14454,1.82555,102.804,278
2323.84,156.338,22.7441,22.7441,24.0955,24.0925,48.2815,49.6949,13.4746,8.72537,71.0506,18.8543,217.112,210.24,210.389,218.248,210.646,210.65,208.2,-9.01416,1.82564,102.792,279
2324.14,156.233,22.6452,22.6452,23.9872,23.9842,48.3503,49.7777,13.4964,8.74476,71.0689,18.859,217.02,210.229,210.377,218.147,210.636,210.639,208.335,-8.89925,1.82573,102.779,280
2324.47,156.129,22.5478,22.5479,23.8802,23.8772,48.4214,49.862,13.5216,8.76205,71.091,18.8631,216.928,210.216,210.364,218.045,210.623,210.626,208.469,-8.78513,1.82584,102.767,281
2324.86,156.025,22.4521,22.4521,23.7753,23.7723,48.4886,49.9436,13.5397,8.77236,71.1083,18.8646,216.831,210.2,210.347,217.94,210.608,210.611,208.597,-8.6763,1.82595,102.755,282
2325.38,155.922,22.3556,22.3556,23.6688,23.6658,48.5567,50.0257,13.5482,8.77766,71.1248,18.863,216.737,210.181,210.328,217.839,210.59,210.593,208.72,-8.57971,1.82606,102.743,283
2325.98,155.819,22.2653,22.2653,23.5694,23.5665,48.6258,50.107,13.523,8.77504,71.1432,18.8597,216.64,210.16,210.306,217.733,210.568,210.572,208.835,-8.48372,1.82618,102.73,284
2326.56,155.717,22.1718,22.1718,23.4663,23.4633,48.693,50.1886,13.4839,8.75801,71.1614,18.8526,216.541,210.134,210.28,217.626,210.543,210.546,208.945,-8.39752,1.82631,102.718,285
2327.17,155.614,22.0842,22.0842,23.3697,23.3668,48.7579,50.2674,13.4433,8.73318,71.1819,18.8444,216.44,210.106,210.25,217.517,210.514,210.517,209.048,-8.31253,1.82644,102.706,286
2327.8,155.513,21.9933,21.9933,23.2691,23.2661,48.8217,50.3446,13.4095,8.70434,71.1916,18.8339,216.34,210.075,210.22,217.408,210.484,210.487,209.145,-8.23486,1.82657,102.693,287
2328.42,155.411,21.9079,21.9079,23.1748,23.1718,48.8853,50.4204,13.3894,8.68148,71.2136,18.8197,216.237,210.041,210.184,217.298,210.449,210.452,209.234,-8.167,1.8267,102.681,288
2329.01,155.31,21.8212,21.8212,23.0794,23.0765,48.949,50.4868,13.3885,8.67244,71.2283,18.8037,216.134,210.002,210.146,217.186,210.411,210.414,209.314,-8.10326,1.82683,102.669,289
2329.52,155.21,21.7357,21.7358,22.9847,22.9818,49.01,50.5674,13.4002,8.67585,71.2495,18.7857,216.029,209.962,210.105,217.075,210.371,210.374,209.387,-8.04511,1.82697,102.656,290
2329.97,155.11,21.6513,21.6513,22.8914,22.8885,49.0765,50.6349,13.4158,8.68542,71.2718,18.7655,215.924,209.918,210.061,216.963,210.328,210.331,209.449,-7.99316,1.82711,102.644,291
2330.36,155.01,21.5677,21.5677,22.7986,22.7957,49.1273,50.7051,13.4328,8.69729,71.2874,18.7437,215.818,209.872,210.014,216.85,210.283,210.286,209.501,-7.94529,1.82725,102.632,292
2330.75,154.91,21.4849,21.4849,22.7072,22.7043,49.194,50.7704,13.4465,8.70988,71.3021,18.7208,215.711,209.824,209.966,216.736,210.235,210.238,209.539,-7.8999,1.82739,102.619,293
2331.18,154.811,21.403,21.403,22.6162,22.6133,49.2555,50.8394,13.4523,8.72037,71.324,18.6973,215.604,209.774,209.917,216.622,210.187,210.19,209.556,-7.85643,1.82753,102.607,294
2331.65,154.713,21.3221,21.3221,22.5266,22.5238,49.3148,50.9061,13.4464,8.72852,71.3476,18.6674,215.493,209.719,209.861,216.504,210.131,210.134,209.558,-7.82832,1.82768,102.595,295
2332.17,154.614,21.2419,21.2419,22.4375,22.4346,49.3746,50.971,13.4481,8.74183,71.3634,18.6373,215.387,209.664,209.806,216.389,210.075,210.078,209.548,-7.80317,1.82782,102.582,296
2332.73,154.516,21.1604,21.1605,22.3471,22.3443,49.4339,51.0342,13.4524,8.75224,71.3811,18.6088,215.279,209.609,209.75,216.276,210.019,210.022,209.527,-7.77517,1.82797,102.57,297
2333.33,154.419,21.0839,21.0839,22.2618,22.259,49.4943,51.1012,13.4568,8.75442,71.4003,18.5801,215.169,209.553,209.694,216.162,209.964,209.967,209.481,-7.74741,1.82811,102.558,298
2333.99,154.322,21.0062,21.0062,22.1752,22.1724,49.5532,51.1637,13.4559,8.75433,71.4196,18.5529,215.06,209.496,209.637,216.047,209.908,209.911,209.402,-7.71401,1.82826,102.545,299
2334.69,154.225,20.9293,20.9293,22.0897,22.0869,49.6159,51.2316,13.4307,8.74319,71.4416,18.5244,214.95,209.44,209.58,215.931,209.851,209.854,209.277,-7.68453,1.82841,102.533,300
2335.32,154.128,20.8512,20.8512,22.0026,21.9998,49.6729,51.2963,13.4144,8.73859,71.4585,18.491,214.837,209.376,209.515,215.81,209.785,209.788,209.135,-7.664,1.82856,102.521,301
2335.99,154.032,20.7773,20.7773,21.9209,21.9182,49.7272,51.3598,13.3792,8.67777,71.4768,18.4598,214.727,209.313,209.452,215.696,209.725,209.727,209.003,-7.64369,1.8287,102.508,302
2336.46,153.936,20.7022,20.7023,21.8371,21.8344,49.7879,51.4255,13.3657,8.65964,71.4957,18.4247,214.615,209.246,209.386,215.578,209.658,209.661,208.912,-7.63243,1.82884,102.496,303
2336.6,153.841,20.6282,20.6282,21.7546,21.7519,49.841,51.4866,13.3781,8.65818,71.5121,18.388,214.502,209.176,209.316,215.459,209.589,209.592,208.819,-7.62439,1.82898,102.484,304
2336.27,153.746,20.5555,20.5555,21.6728,21.6701,49.9235,51.5503,13.4034,8.66972,71.5314,18.3507,214.387,209.104,209.244,215.34,209.519,209.521,208.724,-7.61905,1.82912,102.471,305
